PrimaryKey,SecondaryKey,Continent,ContinentType,GroupId,Name,Type,ContentType,SectorSize,MaxUserCount,CollisionCheckFriendly,CollisionCheckHostile,CollisionCheckNPC,CollisionCheckPC,ObsoleteTime,Thumbnail,ThumbnailIndex,MinimapZoomFactor,StartInstanceDungeonQuest,SubstituteConditionQuestId,SubstituteZoneId,IsPrologue,ReviveCurrentLocationOnly,IsPacked,LevelFileName,MapSizeMinX,MapSizeMaxX,MapSizeMinY,MapSizeMaxY,LoadingImage,LoadingSound,HintGroupID,ZoneBuffId,ZoneBuffTarget,SpotSpawnGroupId,AbleToUseExtendMap,AbleToUseMiniMap,Desc,MapImage,AbleToUseButton,UI_Xlocation,UI_Ylocation,UI_Center_XLocation,UI_Center_Ylocation
1000,0,TEST,0,1,tip.name.zonebase_1000,0,0,2048,0,0,1,1,1,0,portal_pic_01,1,1,0,0,0,0,0,1,TestMap1,-2756,1999,-2452,3071,Loading_01,S_Loading_Arthetine.All_Stop_Event,1000,0,0,0,1,1,tip.desc.zonebase_1000,,0,,,,
1001,0,TEST,0,1,tip.name.zonebase_1001,0,0,2048,0,0,1,1,1,0,portal_pic_01,1,1,0,0,0,0,0,1,TriggerTest,-4912,5328,-5152,5088,Loading_02,S_Loading_Arthetine.All_Stop_Event,1001,0,0,0,1,1,tip.desc.zonebase_1001,,0,,,,
1002,0,TEST,0,1,tip.name.zonebase_1002,0,0,1600,0,0,1,1,1,0,portal_pic_01,1,1,0,0,0,0,0,1,TriggerTest2,-2544,2576,-2608,2512,Loading_03,S_Loading_Arthetine.All_Stop_Event,1002,0,0,0,1,1,tip.desc.zonebase_1002,,0,,,,
1003,0,TEST,0,1,tip.name.zonebase_1003,0,0,1600,0,0,1,1,1,0,portal_pic_01,1,1,0,0,0,0,0,1,DeployTest,-2016,1999,-2032,3071,Loading_04,S_Loading_Arthetine.All_Stop_Event,1003,0,0,0,1,1,tip.desc.zonebase_1003,,0,,,,
1004,0,TEST,0,1,tip.name.zonebase_1004,0,0,1600,0,0,1,1,1,0,portal_pic_01,1,1,0,0,0,0,0,1,DeploytTest4,0,1024,0,1024,Loading_05,S_Loading_Arthetine.All_Stop_Event,1004,0,0,0,1,1,tip.desc.zonebase_1004,,0,,,,
1005,0,TEST,0,1,tip.name.zonebase_1005,0,0,1600,0,0,1,1,1,0,portal_pic_01,1,1,0,0,0,0,0,1,DeploytTest5,0,1024,0,1024,Loading_06,S_Loading_Arthetine.All_Stop_Event,1005,0,0,0,1,1,tip.desc.zonebase_1005,,0,,,,
1006,0,TEST,0,1,tip.name.zonebase_1006,0,0,1600,0,0,1,1,1,0,portal_pic_01,1,1,0,0,0,0,0,1,FX_Grid,-2304,2240,-3712,2308,Loading_07,S_Loading_Arthetine.All_Stop_Event,1006,0,0,0,1,1,tip.desc.zonebase_1006,,0,,,,
1007,0,TEST,0,2,tip.name.zonebase_1007,0,0,1600,0,0,1,1,1,0,portal_pic_01,1,1,0,0,0,0,0,1,TriggerTest3,-2127,1970,-2031,2066,Loading_08,S_Loading_Arthetine.All_Stop_Event,1007,0,0,0,1,1,tip.desc.zonebase_1007,,0,,,,
1009,0,TEST,0,2,tip.name.zonebase_1009,0,0,1600,0,0,1,1,1,0,portal_pic_01,1,1,0,0,0,0,0,1,TriggerTest6,0,1024,0,1024,Loading_09,S_Loading_Arthetine.All_Stop_Event,1009,0,0,0,1,1,tip.desc.zonebase_1009,,0,,,,
1011,0,TEST,0,0,tip.name.zonebase_1011,4,0,1600,0,0,1,1,1,0,portal_pic_01,1,1,0,0,0,0,0,1,ColosseumTest,-3712,2672,-3056,5103,Loading_11,S_Loading_Arthetine.All_Stop_Event,1011,0,0,0,1,1,tip.desc.zonebase_1011,,0,,,,
1012,0,TEST,0,1,tip.name.zonebase_1012,0,0,1600,0,0,1,1,1,0,portal_pic_01,1,1,0,0,0,0,0,1,PropTest_01,-2056,3080,-3080,2056,Loading_12,S_Loading_Arthetine.All_Stop_Event,1012,0,0,0,1,1,tip.desc.zonebase_1012,,0,,,,
1013,0,TEST,0,1,tip.name.zonebase_1013,0,0,1600,0,0,1,1,1,0,portal_pic_01,1,1,0,0,0,0,0,1,PropTest_02,-2056,3080,-3080,2056,Loading_13,S_Loading_Arthetine.All_Stop_Event,1013,0,0,0,1,1,tip.desc.zonebase_1013,,0,,,,
1014,0,TEST,0,0,tip.name.zonebase_1014,7,0,1600,0,0,1,1,1,0,portal_pic_01,1,1,0,0,0,0,0,1,ColosseumTest2,-2040,2040,-3588,3583,,S_Loading_Arthetine.All_Stop_Event,1014,0,0,0,1,1,tip.desc.zonebase_1014,,0,,,,
1015,0,TEST,0,1,tip.name.zonebase_1015,0,0,1600,0,0,1,1,1,0,portal_pic_01,1,1,0,0,0,0,0,1,Test_seankim01,0,512,-512,0,,S_Loading_Arthetine.All_Stop_Event,1015,0,0,0,1,1,tip.desc.zonebase_1015,,0,,,,
1016,0,TEST,0,1,tip.name.zonebase_1016,5,0,1600,0,0,1,1,1,0,portal_pic_01,0,1,0,0,0,0,0,1,sukaTest_01,-2056,3080,-3080,2056,,S_Loading_Arthetine.All_Stop_Event,1016,0,0,0,1,1,tip.desc.zonebase_1016,,0,,,,
1017,0,TEST,0,1,tip.name.zonebase_1017,2,0,2500,0,0,1,1,1,0,portal_pic_01,1,1,0,0,0,0,0,1,sukaTest_02,-2056,3080,-3080,2056,,S_Loading_Arthetine.All_Stop_Event,1017,0,0,0,1,1,tip.desc.zonebase_1017,,0,,,,
1018,0,TEST,0,1,tip.name.zonebase_1018,2,0,2500,0,0,1,1,1,0,portal_pic_01,1,1,0,0,0,0,0,1,InstanceZoneTest,-4683,10864,-1408,8331,,S_Loading_Arthetine.All_Stop_Event,1018,0,0,0,1,1,tip.desc.zonebase_1018,,0,,,,
1019,0,TEST,0,1,tip.name.zonebase_1019,3,0,1600,0,0,1,1,1,0,portal_pic_01,1,1,0,0,0,0,0,1,Job_Test01,0,10864,0,7792,,S_Loading_Arthetine.All_Stop_Event,1019,0,0,0,1,1,tip.desc.zonebase_1019,,0,,,,
1020,0,TEST,0,1,tip.name.zonebase_1020,7,0,1600,0,0,1,1,1,0,portal_pic_01,1,1,0,0,0,0,0,1,Colosseum_Test_PS,0,24595,-6035,12199,,S_Loading_Arthetine.All_Stop_Event,1020,0,0,0,1,1,tip.desc.zonebase_1020,,0,,,,
1021,0,TEST,0,1,tip.name.zonebase_1021,0,0,1600,0,0,1,1,1,0,portal_pic_01,1,1,0,0,0,0,0,1,LV_SHS_FrozenSea_F_PS,-512,23040,0,23552,,S_Loading_Arthetine.All_Stop_Event,1021,0,0,0,1,1,tip.desc.zonebase_1021,,0,,,,
1022,0,TEST,0,1,tip.name.zonebase_1022,2,0,2500,0,0,1,1,1,0,portal_pic_01,1,1,0,0,0,0,0,1,LV_SHS_FrozenTP_D_PS,-11264,29696,-7174,33786,,S_Loading_Arthetine.All_Stop_Event,1022,0,0,0,1,1,tip.desc.zonebase_1022,,0,,,,
1023,0,TEST,0,1,tip.name.zonebase_1023,3,0,2500,0,0,1,1,1,0,portal_pic_01,1,1,0,0,0,0,0,1,MarketTestLevel,-22121,44005,-17695,48431,,S_Loading_Arthetine.All_Stop_Event,1023,0,0,0,1,1,tip.desc.zonebase_1023,,0,,,,
1024,0,TEST,0,0,tip.name.zonebase_1024,0,0,1600,0,0,1,1,1,0,portal_pic_01,1,1,0,0,0,0,0,1,BalanceTest01,-3712,2672,-3056,5103,Loading_11,S_Loading_Arthetine.All_Stop_Event,1011,0,0,0,1,1,tip.desc.zonebase_1024,,0,,,,
1025,0,TEST,0,0,tip.name.zonebase_1025,2,0,1600,0,0,1,1,1,0,portal_pic_01,1,1,0,0,0,0,0,1,BalanceTest02,-3712,2672,-3056,5103,Loading_11,S_Loading_Arthetine.All_Stop_Event,1011,0,0,0,1,1,tip.desc.zonebase_1025,,0,,,,
1026,0,TEST,0,1,tip.name.zonebase_1026,2,0,2500,0,0,1,1,1,0,portal_pic_01,1,1,0,0,0,0,0,1,BosomiMapTest,-4683,10864,-1408,8331,,S_Loading_Arthetine.All_Stop_Event,1018,0,0,0,1,1,tip.desc.zonebase_1026,,0,,,,
1027,0,TEST,0,1,tip.name.zonebase_1013,0,0,1600,0,0,1,1,1,0,portal_pic_01,1,1,0,0,0,0,0,1,DungeonEnterTest,-2056,3080,-3080,2056,Loading_13,S_Loading_Arthetine.All_Stop_Event,1013,0,0,0,1,1,tip.desc.zonebase_1013,,0,,,,
1030,0,TEST,0,1,tip.name.zonebase_1022,0,0,2500,0,0,1,1,1,0,portal_pic_01,1,1,0,0,0,0,0,1,LV_TEST_Life_01_PS,,,,,,S_Loading_Arthetine.All_Stop_Event,1030,0,0,1,1,1,tip.desc.zonebase_1022,,0,,,,
2000,0,TEST,0,1,tip.name.zonebase_2000,2,0,1600,0,0,1,1,1,0,portal_pic_01,1,1,0,0,0,0,0,1,FX_Grid,-2756,1999,-2452,3071,,S_Loading_Arthetine.All_Stop_Event,2000,0,0,0,1,1,tip.desc.zonebase_2000,,0,,,,
2013,0,TEST,0,1,tip.name.zonebase_2013,0,0,1600,0,0,1,1,1,0,portal_pic_01,1,1,0,0,0,0,0,1,G_Life_A_PS,0,1024,0,1024,,S_Loading_Arthetine.All_Stop_Event,2013,0,0,0,1,1,tip.desc.zonebase_2013,,0,,,,
2022,0,TEST,0,1,tip.name.zonebase_2022,0,0,1600,0,0,1,1,1,0,portal_pic_01,1,1,0,0,0,0,0,1,G_Life_C_PS,0,1024,0,1024,,S_Loading_Arthetine.All_Stop_Event,2022,0,0,0,1,1,tip.desc.zonebase_2022,,0,,,,
3001,0,TEST,0,1,tip.name.zonebase_3001,5,0,1600,0,0,1,1,1,0,portal_pic_01,1,1,0,0,0,0,0,1,EntryMod_01,,,,,,S_Loading_Arthetine.All_Stop_Event,3001,0,0,0,1,1,tip.desc.zonebase_3001,,0,,,,
3002,0,TEST,0,1,tip.name.zonebase_3002,5,0,1600,0,0,1,1,1,0,portal_pic_01,1,1,0,0,0,0,0,1,EntryMod_02,,,,,,S_Loading_Arthetine.All_Stop_Event,3001,0,0,0,1,1,tip.desc.zonebase_3002,,0,,,,
3003,0,TEST,0,1,tip.name.zonebase_3003,5,0,1600,0,0,1,1,1,0,portal_pic_01,1,1,0,0,0,0,0,1,EntryMod_03,,,,,,S_Loading_Arthetine.All_Stop_Event,3001,0,0,0,1,1,tip.desc.zonebase_3003,,0,,,,
3004,0,TEST,0,1,tip.name.zonebase_3004,5,0,1600,0,0,1,1,1,0,portal_pic_01,1,1,0,0,0,0,0,1,EntryMod_04,,,,,,S_Loading_Arthetine.All_Stop_Event,3001,0,0,0,1,1,tip.desc.zonebase_3004,,0,,,,
5006,0,TEST,0,1,tip.name.zonebase_5006,0,0,1600,0,0,1,1,1,0,portal_pic_01,1,1,0,0,0,0,0,1,Player_test_01,0,1024,0,1024,,S_Loading_Arthetine.All_Stop_Event,5006,0,0,0,1,1,tip.desc.zonebase_5006,,0,,,,
5007,0,TEST,0,1,tip.name.zonebase_5007,0,0,1600,0,0,1,1,1,0,portal_pic_01,1,1,0,0,0,0,0,1,Player_test_03,-2048,8192,-10240,0,,S_Loading_Arthetine.All_Stop_Event,5007,0,0,0,1,1,tip.desc.zonebase_5007,,0,,,,
5008,0,TEST,0,1,tip.name.zonebase_5008,0,0,1600,0,0,1,1,1,0,portal_pic_01,1,1,0,0,0,0,0,1,Player_test_02,0,1024,0,1024,,S_Loading_Arthetine.All_Stop_Event,5008,0,0,0,1,1,tip.desc.zonebase_5008,,0,,,,
6000,0,TEST,0,1,tip.name.zonebase_6000,2,0,2500,0,0,1,1,1,0,portal_pic_01,1,1,0,0,0,0,0,1,QuestTestMap,0,1024,0,1024,,S_Loading_Arthetine.All_Stop_Event,6000,0,0,0,1,1,tip.desc.zonebase_6000,,0,,,,
7000,0,TEST,0,1,tip.name.zonebase_7000,7,0,1600,0,0,1,1,1,0,portal_pic_01,1,1,0,0,0,0,0,1,ColosseumCamTest,,,,,,S_Loading_Arthetine.All_Stop_Event,7000,0,0,0,1,1,tip.desc.zonebase_7000,,0,,,,
8000,0,TEST,1,1,tip.name.zonebase_8000,10,0,1600,0,0,1,1,1,0,portal_pic_01,1,1,0,0,0,0,0,1,LV_TEST_SecretDun_01_PS,,,,,,S_Loading_Arthetine.All_Stop_Event,8000,0,0,0,1,1,tip.desc.zonebase_8000,,0,,,,
8001,0,TEST,14,1,tip.name.zonebase_8001,10,0,1600,0,0,1,1,1,0,portal_pic_01,1,1,0,0,0,0,0,1,LV_TEST_SecretDun_02_PS,,,,,,S_Loading_Arthetine.All_Stop_Event,8001,0,0,0,1,1,tip.desc.zonebase_8001,,0,,,,
8002,0,TEST,1,1,tip.name.zonebase_8002,10,0,1600,0,0,1,1,1,0,portal_pic_01,1,1,0,0,0,0,0,1,LV_TEST_SecretDun_03_PS,,,,,,S_Loading_Arthetine.All_Stop_Event,8002,0,0,0,1,1,tip.desc.zonebase_8002,,0,,,,
10001,0,TRI,0,1,tip.name.zonebase_10001,3,0,2500,0,0,1,1,1,0,portal_pic_01,1,1,0,0,0,0,0,1,LV_Trision_PS,-17654,23307,-20340,20621,,S_Loading_Trision.Trision_PS,10001,0,0,0,1,1,tip.desc.zonebase_10001,,0,,,,
10111,0,RHD,9,1,tip.name.zonebase_10111,3,0,2500,0,0,1,1,1,0,portal_pic_01,1,1,0,0,0,0,0,1,RHD_D_A_PS,0,30528,-1024,14336,,S_Loading_Arthetine.All_Stop_Event,10111,0,0,0,1,1,tip.desc.zonebase_10111,,0,,,,
10112,0,RHD,9,1,tip.name.zonebase_10112,0,0,1600,0,0,1,1,1,0,portal_pic_01,1,1,0,0,0,0,0,1,RHD_F_A_PS,-11776,13824,-14336,11264,,S_Loading_Shushire.VenA_PS,10112,0,0,0,1,1,tip.desc.zonebase_10112,,0,,,,
10113,0,RHD,9,1,tip.name.zonebase_10113,0,0,1600,0,0,1,1,1,0,portal_pic_01,1,1,0,0,0,0,0,1,RHD_F_B_PS,-9216,31744,-22016,3584,,S_Loading_Shushire.VenB_PS,10113,0,0,0,1,1,tip.desc.zonebase_10113,,0,,,,
10114,0,RHD,9,1,tip.name.zonebase_10114,2,0,2500,0,0,1,1,1,0,portal_pic_01,1,1,0,0,0,0,0,1,RHD_I_A_PS,-11776,13824,-14336,11264,,S_Loading_Shushire.VenA_Ins,10114,0,0,0,1,1,tip.desc.zonebase_10114,,0,,,,
10115,0,RHD,9,1,tip.name.zonebase_10115,2,0,2500,0,0,1,1,1,0,portal_pic_01,1,1,0,0,0,0,0,1,RHD_I_B_PS,-7168,28672,-28160,7680,,S_Loading_Shushire.VenB_Ins_01,10115,0,0,0,1,1,tip.desc.zonebase_10115,,0,,,,
10116,0,RHD,9,1,tip.name.zonebase_10116,2,0,2500,0,0,1,1,1,0,portal_pic_01,1,1,0,0,0,0,0,1,RHD_I_C_PS,-7168,28672,-28160,7680,,S_Loading_Shushire.VenB_Ins_02,10116,0,0,0,1,1,tip.desc.zonebase_10116,,0,,,,
10151,0,RHD,9,1,tip.name.zonebase_10151,3,0,2500,0,0,1,1,1,0,portal_pic_01,1,1,0,0,0,0,0,1,RHD_D_B_PS,-11264,4096,-7168,23552,,S_Loading_Shushire.SQGDun_PS,10151,0,0,0,1,1,tip.desc.zonebase_10151,,0,,,,
10201,0,ATM,1,1,tip.name.zonebase_10201,1,0,1600,0,0,1,1,1,0,portal_pic_01,1,1.5,0,202008,10214,0,0,1,LV_ATM_Leonhart_T_PS,-15872,14068,-15872,14848,Loading_15,S_Loading_Artemis.ATMF_A,10201,0,0,0,1,1,tip.desc.zonebase_10201,,1,102,294,169,365
10211,0,ATM,1,1,tip.name.zonebase_10211,0,0,1600,0,0,1,1,1,0,portal_pic_01,1,1.5,0,202008,10214,0,0,1,LV_ATM_Loghill_F_PS,-20450,36352,-15872,64736,Loading_16,S_Loading_Artemis.ATMF_B,10211,0,0,2,1,1,tip.desc.zonebase_10211,,1,201,253,292,350
10212,0,ATM,1,1,tip.name.zonebase_10212,3,0,5000,0,0,1,1,1,0,portal_pic_01,1,1,201001,0,0,0,0,1,LV_ATM_Runapass_D_PS,-15872,13865,-15872,28022,Loading_20,S_Loading_Artemis.ATMD_A,10212,0,0,0,1,1,tip.desc.zonebase_10212,,0,,,,
10213,0,ATM,1,1,tip.name.zonebase_10213,3,0,2500,0,0,1,1,1,0,portal_pic_01,1,1,203002,0,0,0,0,1,LV_ATM_LoghillEO_I_PS,-15872,26798,-15872,44343,Loading_17,S_Loading_Artemis.ATMI_A,10213,0,0,0,1,1,tip.desc.zonebase_10213,,0,,,,
10214,0,ATM,1,1,tip.name.zonebase_10214,3,0,2500,0,0,1,1,1,0,portal_pic_01,1,1,202007,0,0,0,0,1,LV_ATM_DLeonhart_D_PS,-15872,36416,-15872,63345,Loading_23,S_Loading_Artemis.ATMD_B,10214,0,0,0,1,1,tip.desc.zonebase_10214,,0,,,,
10217,0,ATM,1,1,tip.name.zonebase_10217,3,0,2500,0,0,1,1,1,0,portal_pic_01,1,1,203004,0,0,0,0,1,LV_ATM_LoghillGRD_I_PS,-15872,26798,-15872,45080,Loading_18,S_Loading_Artemis.ATMI_B,10217,0,0,0,1,1,tip.desc.zonebase_10217,,0,,,,
10220,0,ATM,1,1,tip.name.zonebase_10220,0,0,1600,0,0,1,1,1,0,portal_pic_01,1,1,0,0,0,0,0,1,LV_ATM_AnguemosM_F_PS,-37182,55832,-38105,54909,Loading_04,S_Loading_Artemis.ATMF_C,10220,0,0,0,1,1,tip.desc.zonebase_10220,,1,267,193,344,248
10222,0,ATM,1,1,tip.name.zonebase_10222,0,0,1600,0,0,1,1,1,0,portal_pic_01,1,1,0,0,0,0,0,1,LV_ATM_Border_F_PS,-4472,26840,-8074,25249,Loading_06,S_Loading_Artemis.ATMF_D,10222,0,0,0,1,1,tip.desc.zonebase_10222,,1,337,332,406,412
10227,0,ATM,1,1,tip.name.zonebase_10227,3,0,2500,0,0,1,1,1,0,portal_pic_01,1,1,205003,0,0,0,0,1,LV_ATM_CoilsCFH_I_PS,-20450,35180,-15872,62565,Loading_19,S_Loading_Artemis.ATMI_C,10227,0,0,0,1,1,tip.desc.zonebase_10227,,0,,,,
10228,0,ATM,1,1,tip.name.zonebase_10228,3,0,2500,0,0,1,1,1,0,portal_pic_01,1,1,206005,0,0,0,0,1,LV_ATM_AnguemosO_I_PS,-4945,23884,-5606,54428,Loading_10,S_Loading_Arthetine.All_Stop_Event,10228,0,0,0,1,1,tip.desc.zonebase_10228,,0,,,,
10251,0,ATM,1,1,tip.name.zonebase_10251,2,0,2500,0,0,1,1,1,0,portal_pic_01,1,1,207002,0,0,0,0,1,LV_ATM_AguilossH_D_PS,0,1024,0,1024,Loading_12,S_Loading_Artemis.ATMD_C,10251,0,0,0,1,1,tip.desc.zonebase_10251,,0,,,,
10252,0,ATM,1,1,tip.name.zonebase_10252,2,0,2500,0,0,1,1,1,0,portal_pic_01,1,1,209001,0,0,0,0,1,LV_ATM_AguilossT_D_PS,0,1024,0,1024,Loading_07,S_Loading_Artemis.ATMD_D,10252,0,0,0,1,1,tip.desc.zonebase_10252,,0,,,,
10253,0,ATM,1,1,tip.name.zonebase_10253,2,0,2500,0,0,1,1,1,0,portal_pic_01,1,1,204002,0,0,0,0,1,LV_ATM_PoisonCrD_D_PS,-3072,27648,-3072,27648,Loading_07,S_Loading_Artemis.ATMD_E_Poison,10253,0,0,0,1,1,tip.desc.zonebase_10253,,0,,,,
10311,0,SHS,6,1,tip.name.zonebase_10311,3,0,3600,0,0,1,1,1,25,portal_pic_01,1,1.7,401001,0,0,1,1,1,LV_SHS_RCArena_D_PS,0,21504,-1024,14336,Loading_00,S_Loading_Shushire.SHSD_A_PS,10311,0,0,0,1,1,tip.desc.zonebase_10311,,1,213,496,261,566
10312,0,SHS,6,1,tip.name.zonebase_10312,0,0,1600,0,0,1,1,1,0,portal_pic_01,1,2,0,0,0,0,1,1,LV_SHS_BWindHill_F_PS,0,31744,0,26624,Loading_01,S_Loading_Shushire.SHSF_A_PS,10312,0,0,0,1,1,tip.desc.zonebase_10312,,1,282,490,343,569
10313,0,SHS,6,1,tip.name.zonebase_10313,0,0,1600,0,0,1,1,1,0,portal_pic_01,1,1.7,0,0,0,0,1,1,LV_SHS_FJPlateau_F_PS,0,1024,0,1024,Loading_05,S_Loading_Shushire.SHSF_B_PS,10313,0,0,0,1,1,tip.desc.zonebase_10313,,1,372,452,454,550
10314,0,SHS,6,1,tip.name.zonebase_10314,3,0,2500,0,0,1,1,1,25,portal_pic_01,1,1.4,402002,0,0,1,1,1,LV_SHS_BGChampion_I_PS,0,31744,0,26624,Loading_02,S_Loading_Shushire.SHSI_A_PS,10314,0,0,0,1,1,tip.desc.zonebase_10314,,0,,,,
10315,0,SHS,6,1,tip.name.zonebase_10315,3,0,2500,0,0,1,1,1,25,portal_pic_01,1,1.4,402010,0,0,1,1,1,LV_SHS_ETSirius_I_PS,0,31744,0,26624,Loading_03,S_Loading_Shushire.SHSI_C_PS,10315,0,0,0,1,1,tip.desc.zonebase_10315,,0,,,,
10316,0,SHS,6,1,tip.name.zonebase_10316,3,0,2500,0,0,1,1,1,25,portal_pic_01,1,1.4,402007,0,0,1,1,1,LV_SHS_WTSirius_I_PS,0,31744,0,26624,Loading_04,S_Loading_Shushire.SHSI_B_PS,10316,0,0,0,1,1,tip.desc.zonebase_10316,,0,,,,
10317,0,SHS,6,1,tip.name.zonebase_10317,3,0,2500,0,0,1,1,1,25,portal_pic_01,1,1.4,403010,0,0,1,1,1,LV_SHS_FJPlateauN_I_PS,0,31744,0,26624,Loading_06,S_Loading_Shushire.SHSI_D_PS,10317,0,0,0,1,1,tip.desc.zonebase_10317,,0,,,,
10351,0,SHS,6,1,tip.name.zonebase_10351,3,0,3000,0,0,1,1,1,25,portal_pic_01,1,1.7,404001,0,0,1,1,1,LV_SHS_CCSide_D_PS,,,,,Loading_07,S_Loading_Shushire.SHSD_B_PS,10351,0,0,0,1,1,tip.desc.zonebase_10351,,1,454,406,528,474
10411,0,ATT,4,1,tip.name.zonebase_10411,3,0,5000,0,0,1,1,1,0,portal_pic_01,1,1,0,0,0,0,1,1,LV_ATT_EHMLab_D_PS,-3072,17408,-4096,16384,,S_Loading_Arthetine.All_Stop_Event,10411,0,0,0,1,1,tip.desc.zonebase_10411,,0,,,,
10412,0,ATT,4,1,tip.name.zonebase_10412,0,0,1600,0,0,1,1,1,0,portal_pic_01,1,1,0,0,0,0,1,1,LV_ATT_TotrichP_F_PS,0,47616,0,49152,,S_Loading_Arthetine.All_Stop_Event,10412,0,0,0,1,1,tip.desc.zonebase_10412,,0,,,,
10413,0,ATT,4,1,tip.name.zonebase_10413,0,0,2500,0,0,1,1,1,0,portal_pic_01,1,1,0,0,0,0,1,1,LV_ATT_TotrichC_F_PS,0,35840,0,37888,,S_Loading_Arthetine.All_Stop_Event,10413,0,0,0,1,1,tip.desc.zonebase_10413,,0,,,,
10414,0,ATT,4,1,tip.name.zonebase_10414,3,0,2500,0,0,1,1,1,0,portal_pic_01,1,1,0,0,0,1,1,1,LV_ATT_TotPClock_I_PS,0,27136,0,40448,,S_Loading_Arthetine.All_Stop_Event,10414,0,0,0,1,1,tip.desc.zonebase_10414,,0,,,,
10415,0,ATT,4,1,tip.name.zonebase_10415,3,0,2500,0,0,1,1,1,0,portal_pic_01,1,1,0,0,0,1,1,1,LV_ATT_TotPCrow_I_PS,0,35840,0,48640,,S_Loading_Arthetine.All_Stop_Event,10415,0,0,0,1,1,tip.desc.zonebase_10415,,0,,,,
10416,0,ATT,4,1,tip.name.zonebase_10416,3,0,2500,0,0,1,1,1,0,portal_pic_01,1,1,0,0,0,1,1,1,LV_ATT_TotCMarket_I_PS,0,46592,0,45568,,S_Loading_Arthetine.All_Stop_Event,10416,0,0,0,1,1,tip.desc.zonebase_10416,,0,,,,
10417,0,ATT,4,1,tip.name.zonebase_10417,3,0,2500,0,0,1,1,1,0,portal_pic_01,1,1,0,0,0,1,1,1,LV_ATT_TotCROBase_I_PS,0,46592,0,45568,,S_Loading_Arthetine.All_Stop_Event,10417,0,0,0,1,1,tip.desc.zonebase_10417,,0,,,,
10451,0,ATT,4,1,tip.name.zonebase_10451,3,0,2500,0,0,1,1,1,0,portal_pic_01,1,1,0,0,0,1,1,1,LV_ATT_TiTemple_D_PS,-766,29954,0,31302,,S_Loading_Arthetine.TotrichDun_PS,10451,0,0,0,1,1,tip.desc.zonebase_10451,,0,,,,
10591,0,ERG,12,1,tip.name.zonebase_10591,2,2,5000,0,0,1,1,1,0,portal_pic_01,1,1,0,0,0,0,0,1,ERG_C_A_PS,0,1024,0,1024,,S_Loading_Ergasia.ERGC_A,10591,0,0,0,1,1,tip.desc.zonebase_10591,,0,,,,
10592,0,ERG,12,1,tip.name.zonebase_10592,2,2,2500,0,0,1,1,1,0,portal_pic_01,1,1,0,0,0,0,0,1,ERG_C_B_PS,0,1024,0,1024,,S_Loading_Arthetine.All_Stop_Event,10592,0,0,0,1,1,tip.desc.zonebase_10592,,0,,,,
10593,0,ERG,12,1,tip.name.zonebase_10593,2,2,5000,0,0,1,1,1,0,portal_pic_01,1,1,0,0,0,0,0,1,ERG_C_C_PS,-512,35328,-512,66048,,S_Loading_Ergasia.ERGC_C,10593,0,0,0,1,1,tip.desc.zonebase_10593,,0,,,,
10611,0,EUD,17,1,tip.name.zonebase_10611,0,0,1600,0,0,1,1,1,0,portal_pic_01,1,1,0,0,0,0,0,1,LV_EUD_SaHill_F_PS,-22121,44005,-17695,48431,,S_Loading_Eudia.Eudia_SaHill,10611,0,0,0,1,1,tip.desc.zonebase_10611,,1,405,213,483,317
10616,0,EUD,17,1,tip.name.zonebase_10616,2,0,7000,0,0,1,1,1,0,portal_pic_01,1,1,602201,0,0,0,0,1,LV_EUD_ArPlainsD_I_PS,-22121,44005,-17695,48431,,S_Loading_Eudia.Eudia_AregalSP_B,10616,0,0,0,1,1,tip.desc.zonebase_10616,,0,,,,
10619,0,EUD,17,1,tip.name.zonebase_10619,0,0,1600,0,0,1,1,1,0,portal_pic_01,1,1,0,0,0,0,0,1,LV_EUD_OzHill_F_PS,-16969,18465,-19557,17369,,S_Loading_Eudia.Eudia_OzHill,10619,0,0,0,1,1,tip.desc.zonebase_10619,,1,510,256,550,348
10620,0,EUD,17,1,tip.name.zonebase_10620,2,0,7000,0,0,1,1,1,0,portal_pic_01,1,1,603201,0,0,0,0,1,LV_EUD_OzHillA_I_PS,-16969,18465,-19557,17369,,S_Loading_Eudia.Eudia_OzHill_B,10620,0,0,0,1,1,tip.desc.zonebase_10620,,0,,,,
10651,0,EUD,17,1,tip.name.zonebase_10651,2,0,5000,0,0,1,1,1,0,portal_pic_01,1,1,603202,0,0,0,0,1,LV_EUD_SaCave_D_PS,-16490,530,-16722,298,,S_Loading_Eudia.Eudia_SaCave,10651,0,0,0,1,1,tip.desc.zonebase_10651,,0,,,,
10691,0,EUD,17,1,tip.name.zonebase_10691,2,2,5000,0,0,1,1,1,0,portal_pic_01,1,1,602202,0,0,0,0,1,LV_EUD_Moray_C_PS,-16490,530,-16722,298,,S_Loading_Arthetine.All_Stop_Event,10691,0,0,0,1,1,tip.desc.zonebase_10691,,0,,,,
10711,0,ANH,3,1,tip.name.zonebase_10711,3,0,3000,0,0,1,1,1,25,portal_pic_01,1,1,701001,0,0,1,1,1,LV_ANH_DelphiInn_D_PS,-2048,18432,-9216,11264,Loading_09,S_Loading_Anihc.ANHD_A,10711,0,0,0,1,1,tip.desc.zonebase_10711,,0,,,,
10712,0,ANH,3,1,tip.name.zonebase_10712,0,0,1600,0,0,1,1,1,0,portal_pic_01,1,1,0,0,0,0,1,1,LV_ANH_DelphiC_F_PS,0,1024,0,1024,Loading_10,S_Loading_Anihc.ANHF_A,10712,0,0,0,1,1,tip.desc.zonebase_10712,,1,226,484,267,544
10713,0,ANH,3,1,tip.name.zonebase_10713,3,0,2500,0,0,1,1,1,25,portal_pic_01,1,1,702007,0,0,1,1,1,LV_ANH_DelphiCSal_I_PS,0,1024,0,1024,Loading_11,S_Loading_Anihc.ANHI_A,10713,0,0,0,1,1,tip.desc.zonebase_10713,,0,,,,
10714,0,ANH,3,1,tip.name.zonebase_10714,3,0,5000,0,0,1,1,1,25,portal_pic_01,1,1,702009,0,0,1,1,1,LV_ANH_DelphiCGO_I_PS,0,1024,0,1024,Loading_12,S_Loading_Anihc.ANHI_B,10714,0,0,0,1,1,tip.desc.zonebase_10714,,0,,,,
10715,0,ANH,3,1,tip.name.zonebase_10715,0,0,1600,0,0,1,1,1,0,portal_pic_01,1,1,0,0,0,0,1,1,LV_ANH_MirrorV_F_PS,0,1024,0,1024,Loading_13,S_Loading_Anihc.ANHF_B,10715,0,0,0,1,1,tip.desc.zonebase_10715,,1,438,416,493,492
10716,0,ANH,3,1,tip.name.zonebase_10716,3,0,2500,0,0,1,1,1,25,portal_pic_01,1,1,703010,0,0,1,1,1,LV_ANH_MirrorVRu_I_PS,0,1024,0,1024,Loading_09,S_Loading_Anihc.ANHI_C,10716,0,0,0,1,1,tip.desc.zonebase_10716,,0,,,,
10751,0,ANH,3,1,tip.name.zonebase_10751,3,0,4000,0,0,1,1,1,25,portal_pic_01,1,1,704001,0,0,1,1,1,LV_ANH_Gvalley_D_PS,-1536,29184,-4096,26624,Loading_14,S_Loading_Anihc.ANHD_B,10751,0,0,0,1,1,tip.desc.zonebase_10751,,1,513,356,564,416
10801,0,LUT,14,1,tip.name.zonebase_10801,0,0,1600,0,0,1,1,1,0,portal_pic_01,1,1,0,0,0,0,0,1,LV_LUT_LuCastle_T_PS,-10240,18256,-8720,10192,,S_Loading_Luteran.LUTT_A,10801,0,0,0,1,1,tip.desc.zonebase_10801,,0,,,,
10802,0,LUT,14,1,tip.name.zonebase_10802,0,0,1600,0,0,1,1,1,0,portal_pic_01,1,1,0,0,0,0,0,1,LUT_T_B_PS,-6144,4096,-5120,5120,,S_Loading_Arthetine.All_Stop_Event,10802,0,0,0,1,1,tip.desc.zonebase_10802,,0,,,,
10803,0,LUT,14,1,tip.name.zonebase_10803,0,0,1600,0,0,1,1,1,0,portal_pic_01,1,1,0,0,0,0,0,1,LUT_T_C_PS,-6144,4096,0,14336,,S_Loading_Arthetine.All_Stop_Event,10803,0,0,0,1,1,tip.desc.zonebase_10803,,0,,,,
10811,0,LUT,14,1,tip.name.zonebase_10811,0,0,1600,0,0,1,1,1,0,portal_pic_01,1,1,0,0,0,0,0,1,LV_LUT_ZaMount_F_PS,-3584,32256,-8704,27136,,S_Loading_Luteran.LUTW_F_A,10811,0,0,0,1,1,tip.desc.zonebase_10811,,1,564,314,623,374
10812,0,LUT,14,1,tip.name.zonebase_10812,0,0,1600,0,0,1,1,1,0,portal_pic_01,1,1,0,0,0,0,0,1,LV_LUT_Lakebar_F_PS,-3584,32256,-4608,31232,,S_Loading_Luteran.LUTW_F_B,10812,0,0,10812,1,1,tip.desc.zonebase_10812,,1,565,260,634,301
10813,0,LUT,14,1,tip.name.zonebase_10813,0,0,1600,0,0,1,1,1,0,portal_pic_01,1,1,0,0,0,0,0,1,LV_LUT_MeMonast_F_PS,-3584,32256,-4608,31232,,S_Loading_Luteran.LUTW_F_C,10813,0,0,10813,1,1,tip.desc.zonebase_10813,,1,538,190,619,238
10814,0,LUT,14,1,tip.name.zonebase_10814,0,0,1600,0,0,1,1,1,0,portal_pic_01,1,1,0,0,0,0,0,1,LV_LUT_BiForest_F_PS,-3584,32256,-8704,27136,,S_Loading_Luteran.LUTW_F_D,10814,0,0,10814,1,1,tip.desc.zonebase_10814,,1,488,109,542,178
10815,0,LUT,14,1,tip.name.zonebase_10815,0,0,1600,0,0,1,1,1,0,portal_pic_01,1,1,0,0,0,0,0,1,LV_LUT_PoFBattle_F_PS,-3584,32256,-8704,27136,,S_Loading_Luteran.LUTW_F_E,10815,0,0,10815,1,1,tip.desc.zonebase_10815,,1,575,111,626,156
10816,0,LUT,15,1,tip.name.zonebase_10816,0,0,1600,0,0,1,1,1,0,portal_pic_01,1,1,0,0,0,0,0,1,LV_LUT_DoPlain_F_PS,-5069,28493,-9293,57613,,S_Loading_Luteran.LUTF_DoPlain,10816,0,0,0,1,1,tip.desc.zonebase_10816,,0,,,,
10817,0,LUT,15,1,tip.name.zonebase_10817,0,0,1600,0,0,1,1,1,0,portal_pic_01,1,1,0,0,0,0,0,1,LV_LUT_SoHill_F_PS,-33280,2560,-34304,1536,,S_Loading_Luteran.LUTF_SoHill,10817,0,0,0,1,1,tip.desc.zonebase_10817,,0,,,,
10818,0,LUT,15,1,tip.name.zonebase_10818,0,0,1600,0,0,1,1,1,0,portal_pic_01,1,1,0,0,0,0,0,1,LV_LUT_PearHabit_F_PS,-33280,2560,-34304,1536,,S_Loading_Arthetine.All_Stop_Event,10818,0,0,0,1,1,tip.desc.zonebase_10818,,0,,,,
10819,0,LUT,15,1,tip.name.zonebase_10819,0,0,1600,0,0,1,1,1,0,portal_pic_01,1,1,0,0,0,0,0,1,LV_LUT_BRChurch_F_PS,-4032,40337,-32370,26678,,S_Loading_Arthetine.All_Stop_Event,10819,0,0,0,1,1,tip.desc.zonebase_10819,,0,,,,
10820,0,LUT,15,1,tip.name.zonebase_10820,0,0,1600,0,0,1,1,1,0,portal_pic_01,1,1,0,0,0,0,0,1,LV_LUT_LeTerrace_F_PS,-33280,2560,-34304,1536,,S_Loading_Arthetine.All_Stop_Event,10820,0,0,0,1,1,tip.desc.zonebase_10820,,0,,,,
10821,0,LUT,15,1,tip.name.zonebase_10821,0,0,1600,0,0,1,1,1,0,portal_pic_01,1,1,0,0,0,0,0,1,LV_LUT_BoDomain_F_PS,-33280,2560,-34304,1536,,S_Loading_Arthetine.All_Stop_Event,10821,0,0,0,1,1,tip.desc.zonebase_10821,,0,,,,
10822,0,LUT,16,1,tip.name.zonebase_10822,1,0,1600,0,0,1,1,1,0,portal_pic_01,1,1,0,0,0,0,0,1,LV_LUT_MaWPort_T_PS,-3584,32256,-8704,27136,,S_Loading_Arthetine.All_Stop_Event,10822,0,0,0,1,1,tip.desc.zonebase_10822,,0,,,,
10823,0,LUT,16,1,tip.name.zonebase_10823,0,0,1600,0,0,1,1,1,0,portal_pic_01,1,1,0,0,0,0,0,1,LV_LUT_CrSeasho_F_PS,-5069,28493,-9293,57613,,S_Loading_Arthetine.All_Stop_Event,10823,0,0,0,1,1,tip.desc.zonebase_10823,,0,,,,
10825,0,LUT,14,1,tip.name.zonebase_10825,3,0,1600,0,0,1,1,1,0,portal_pic_01,1,1,802005,0,0,0,0,1,LV_LUT_ZaFortrs_I_PS,,,,,,S_Loading_Luteran.LUTW_I_A,10825,0,0,0,1,1,tip.desc.zonebase_10825,,0,,,,
10826,0,LUT,14,1,tip.name.zonebase_10826,3,0,1600,0,0,1,1,1,0,portal_pic_01,1,1,803004,0,0,0,0,1,LV_LUT_LakeVil_I_PS,,,,,,S_Loading_Luteran.LUTW_I_B,10826,0,0,0,1,1,tip.desc.zonebase_10826,,0,,,,
10827,0,LUT,14,1,tip.name.zonebase_10827,3,0,1600,0,0,1,1,1,0,portal_pic_01,1,1,805004,0,0,0,0,1,LV_LUT_MeGrave_I_PS,,,,,,S_Loading_Luteran.LUTW_I_C,10827,0,0,0,1,1,tip.desc.zonebase_10827,,0,,,,
10828,0,LUT,14,1,tip.name.zonebase_10828,3,0,1600,0,0,1,1,1,0,portal_pic_01,1,1,806012,0,0,0,0,1,LV_LUT_RedComp_I_PS,,,,,,S_Loading_Arthetine.All_Stop_Event,10828,0,0,0,1,1,tip.desc.zonebase_10828,,0,,,,
10829,0,LUT,14,1,tip.name.zonebase_10829,3,0,1600,0,0,1,1,1,0,portal_pic_01,1,1,807002,0,0,0,0,1,LV_LUT_BckBloodF_I_PS,,,,,,S_Loading_Luteran.LUTW_I_D,10829,0,0,0,1,1,tip.desc.zonebase_10829,,0,,,,
10851,0,LUT,14,1,tip.name.zonebase_10851,2,0,6000,0,0,1,1,1,0,portal_pic_01,1,1,804002,0,0,0,0,1,LV_LUT_RiShine_D_PS,-2944,27776,-4992,25728,,S_Loading_Luteran.LUTW_D_A,10851,0,0,0,1,1,tip.desc.zonebase_10851,,0,,,,
10852,0,LUT,15,1,tip.name.zonebase_10852,2,0,2500,0,0,1,1,1,0,portal_pic_01,1,1,0,0,0,0,0,1,LV_LUT_BRCBase_D_PS,-9216,11264,-11264,9216,,S_Loading_Arthetine.All_Stop_Event,10852,0,0,0,1,1,tip.desc.zonebase_10852,,0,,,,
10853,0,LUT,15,1,tip.name.zonebase_10853,2,0,2500,0,0,1,1,1,0,portal_pic_01,1,1,0,0,0,0,0,1,LT_LUT_BSCliff_D_PS,-13824,22016,-9728,26112,,S_Loading_Arthetine.All_Stop_Event,10853,0,0,0,1,1,tip.desc.zonebase_10853,,0,,,,
10854,0,LUT,16,1,tip.name.zonebase_10854,2,0,2500,0,0,1,1,1,0,portal_pic_01,1,1,0,0,0,0,0,1,LV_LUT_CrStorm_D_PS,-7105,33857,-7617,33345,,S_Loading_Arthetine.All_Stop_Event,10854,0,0,0,1,1,tip.desc.zonebase_10854,,0,,,,
10855,0,LUT,16,1,tip.name.zonebase_10855,2,0,2500,0,0,1,1,1,0,portal_pic_01,1,1,0,0,0,0,0,1,LV_LUT_GrayHMine_D_PS,,,,,,S_Loading_Arthetine.All_Stop_Event,10855,0,0,0,1,1,tip.desc.zonebase_10855,,0,,,,
10892,0,LUT,15,1,tip.name.zonebase_10892,2,2,2500,0,0,1,1,1,0,portal_pic_01,1,1,0,0,0,0,0,1,LV_LUT_LuTombA_C_PS,,,,,,S_Loading_Luteran.LUTC_A,10892,0,0,0,1,1,tip.desc.zonebase_10892,,0,,,,
10893,0,LUT,15,1,tip.name.zonebase_10893,2,2,2500,0,0,1,1,1,0,portal_pic_01,1,1,0,0,0,0,0,1,LV_LUT_LuTombB_C_PS,,,,,,S_Loading_Arthetine.All_Stop_Event,10893,0,0,0,1,1,tip.desc.zonebase_10893,,0,,,,
10894,0,LUT,14,1,tip.name.zonebase_10894,2,2,2500,0,0,1,1,1,0,portal_pic_01,1,1,0,0,0,0,0,1,LV_LUT_WaGlory_D_PS,,,,,,S_Loading_Arthetine.All_Stop_Event,10852,0,0,0,1,1,tip.desc.zonebase_10894,,0,,,,
20101,0,MOD,0,1,tip.name.zonebase_20101,5,0,5000,0,0,1,1,1,0,portal_pic_01,1,3,0,0,0,0,0,1,LV_ATM_Leonhart_M_PS,0,1024,0,1024,,S_Loading_Mode.TownDefence,20101,0,0,0,1,1,tip.desc.zonebase_20101,,0,,,,
20401,0,MOD,0,1,tip.name.zonebase_20401,5,0,4000,0,0,1,1,1,0,portal_pic_01,1,1,0,0,0,0,0,1,LV_Cube_PS,-5120,5120,-7168,3072,Loading_21,S_Loading_Mode.Cube,20401,0,0,0,1,1,tip.desc.zonebase_20401,,0,,,,
20402,0,MOD,0,1,tip.name.zonebase_20402,0,0,1600,0,0,1,1,1,0,portal_pic_01,1,1,0,0,0,0,0,1,LV_Trision_FTG_PS,0,1024,0,1024,Loading_22,S_Loading_Trision.Trision_PS,20402,0,0,0,1,1,tip.desc.zonebase_20402,,0,,,,
20403,0,MOD,0,1,tip.name.zonebase_20403,5,0,4000,0,0,1,1,1,0,portal_pic_01,1,1,0,0,0,0,0,1,LV_CubeEx_PS,-5120,5120,-7168,3072,Loading_21,S_Loading_Mode.Cube,20403,0,0,0,1,1,tip.desc.zonebase_20403,,0,,,,
20501,0,MOD,0,1,tip.name.zonebase_20501,5,0,4000,0,0,1,1,1,0,portal_pic_01,1,1,0,0,0,0,0,1,LV_MOD_TowerShdw_PS,,,,,,S_Loading_Arthetine.All_Stop_Event,20501,0,0,20501,1,1,tip.desc.zonebase_20501,,0,,,,
30201,0,PVP,0,1,tip.name.zonebase_30201,7,0,1600,0,0,1,1,1,0,portal_pic_01,1,1,0,0,0,0,0,1,LV_COL_Colosseum_PS,,,,,,S_Loading_Arthetine.All_Stop_Event,30201,0,0,0,1,1,tip.desc.zonebase_30201,,0,,,,
30701,0,OCN,0,1,tip.name.zonebase_30701,6,0,1600,0,0,1,1,1,0,portal_pic_01,1,1,0,0,0,0,0,1,Voyage_ps,-2560,33280,-2560,33280,,S_Loading_Arthetine.All_Stop_Event,30701,0,0,0,1,1,tip.desc.zonebase_30701,,0,,,,
30702,0,OCN,0,1,tip.name.zonebase_30702,8,0,1600,0,0,1,1,1,0,portal_pic_01,1,1,0,0,0,0,0,1,InCount_PS,-1396,3724,-2470,2650,,S_Loading_Arthetine.All_Stop_Event,30702,0,0,0,1,1,tip.desc.zonebase_30702,,0,,,,
30703,0,OCN,0,1,tip.name.zonebase_30703,6,0,1600,0,0,1,1,1,0,portal_pic_01,1,4,0,0,0,0,0,1,LV_OCN_World_PS,,,,,,S_Loading_Arthetine.All_Stop_Event,30703,0,0,0,1,1,tip.desc.zonebase_30703,,0,,,,
30801,0,RAD,0,1,tip.name.zonebase_30801,2,1,4000,0,0,1,1,1,0,portal_pic_01,1,1,0,0,0,0,0,1,LV_RAD_HaOfCold_PS,0,1024,0,1024,,S_Loading_Mode.Raid,30801,0,0,0,1,1,tip.desc.zonebase_30801,,0,,,,
30802,0,RAD,0,1,tip.name.zonebase_30802,2,1,4000,0,0,1,1,1,0,portal_pic_01,1,1,0,0,0,0,0,1,LV_RAD_DenseFog_PS,,,,,,S_Loading_Arthetine.All_Stop_Event,30802,0,0,0,1,1,tip.desc.zonebase_30802,,0,,,,
30901,0,SCD,1,1,tip.name.zonebase_30901,10,0,1600,0,0,1,1,1,0,portal_pic_01,1,1,0,0,0,0,0,1,LV_SCD_Artemis_PS,,,,,,S_Loading_Arthetine.All_Stop_Event,30901,0,0,0,1,1,tip.desc.zonebase_30901,,0,,,,
40001,0,CHS,0,1,tip.name.zonebase_40001,9,0,1600,0,0,1,1,1,0,portal_pic_01,1,1,909996,0,0,0,0,1,LV_Chaosgate_PS,-512,23040,0,23552,,S_Loading_Arthetine.All_Stop_Event,40001,0,0,0,1,1,tip.desc.zonebase_40001,,0,,,,
40002,0,CHS,0,1,tip.name.zonebase_40002,9,0,1600,0,0,1,1,1,0,portal_pic_01,1,1,909996,0,0,0,0,1,LV_Chaosgate_PS,-512,23040,0,23552,,S_Loading_Arthetine.All_Stop_Event,40002,0,0,0,1,1,tip.desc.zonebase_40002,,0,,,,
40003,0,CHS,0,1,tip.name.zonebase_40003,9,0,1600,0,0,1,1,1,0,portal_pic_01,1,1,0,0,0,0,0,1,LV_CHS_DarkS_PS,-512,23040,0,23552,,S_Loading_Arthetine.All_Stop_Event,40003,0,0,0,1,1,tip.desc.zonebase_40003,,0,,,,
40004,0,CHS,0,1,tip.name.zonebase_40004,9,0,1600,0,0,1,1,1,0,portal_pic_01,1,1,0,0,0,0,0,1,LV_CHS_DarkM_PS,-512,23040,0,23552,,S_Loading_Arthetine.All_Stop_Event,40004,0,0,0,1,1,tip.desc.zonebase_40004,,0,,,,
40005,0,CHS,0,1,tip.name.zonebase_40005,9,0,1600,0,0,1,1,1,0,portal_pic_01,1,1,0,0,0,0,0,1,LV_CHS_PhntmS_PS,-512,23040,0,23552,,S_Loading_Arthetine.All_Stop_Event,40005,0,0,0,1,1,tip.desc.zonebase_40005,,0,,,,
40006,0,CHS,0,1,tip.name.zonebase_40006,9,0,1600,0,0,1,1,1,0,portal_pic_01,1,1,0,0,0,0,0,1,LV_CHS_PhntmM_PS,-512,23040,0,23552,,S_Loading_Arthetine.All_Stop_Event,40006,0,0,0,1,1,tip.desc.zonebase_40006,,0,,,,
40007,0,CHS,0,1,tip.name.zonebase_40007,9,0,1600,0,0,1,1,1,0,portal_pic_01,1,1,0,0,0,0,0,1,LV_CHS_DiseaseS_PS,-512,23040,0,23552,,S_Loading_Mode.Chaosgate,40007,0,0,0,1,1,tip.desc.zonebase_40007,,0,,,,
40008,0,CHS,0,1,tip.name.zonebase_40008,9,0,1600,0,0,1,1,1,0,portal_pic_01,1,1,0,0,0,0,0,1,LV_CHS_DiseaseM_PS,-512,23040,0,23552,,S_Loading_Arthetine.All_Stop_Event,40008,0,0,0,1,1,tip.desc.zonebase_40008,,0,,,,
40009,0,CHS,0,1,tip.name.zonebase_40009,9,0,1600,0,0,1,1,1,0,portal_pic_01,1,1,0,0,0,0,0,1,LV_CHS_MadnessS_PS,-512,23040,0,23552,,S_Loading_Mode.Chaosgate,40009,0,0,0,1,1,tip.desc.zonebase_40009,,0,,,,
40010,0,CHS,0,1,tip.name.zonebase_40010,9,0,1600,0,0,1,1,1,0,portal_pic_01,1,1,0,0,0,0,0,1,LV_CHS_MadnessM_PS,-512,23040,0,23552,,S_Loading_Arthetine.All_Stop_Event,40010,0,0,0,1,1,tip.desc.zonebase_40010,,0,,,,
40011,0,CHS,0,1,tip.name.zonebase_40011,9,0,1600,0,0,1,1,1,0,portal_pic_01,1,1,0,0,0,0,0,1,LV_CHS_DesireS_PS,-512,23040,0,23552,,S_Loading_Arthetine.All_Stop_Event,40011,0,0,0,1,1,tip.desc.zonebase_40011,,0,,,,
40012,0,CHS,0,1,tip.name.zonebase_40012,9,0,1600,0,0,1,1,1,0,portal_pic_01,1,1,0,0,0,0,0,1,LV_CHS_DesireM_PS,-512,23040,0,23552,,S_Loading_Arthetine.All_Stop_Event,40012,0,0,0,1,1,tip.desc.zonebase_40012,,0,,,,
